{
  "name": {
    "en-US": "chrest"
  },
  "summary": {
    "en-US": "exposes tab, bookmark, and history management via a CLI or REST interface"
  },
  "is_experimental": true,
  "slug": "chrest",
  "version": {
    "license": "MIT",
    "firefox": {
    }
  },
  "categories": {
    "firefox": [
      "tabs",
      "bookmarks"
    ]
  },
  "contributions_url": "https://donate.mozilla.org",
  "requires_payment": false,
  "homepage": {
    "en-US": "http://code.linenisgreat.com/chrest"
  },
  "support_email": {
    "en-US": "chrest@code.linenisgreat.com"
  }
}
